#,id,password,last_login,is_superuser,username,last_name,email,is_staff,is_active,date_joined,first_name
1,1,pbkdf2_sha256$260000$BAG0oHkWNYZqurszaCLvMT$zZjijq9PrNCJMac8kYHXJQN/6k0KndAeVO/UnIG20Xk=,,0,김건우,"","",0,1,2022-09-21 01:50:10.308384,""
2,2,pbkdf2_sha256$260000$BAG0oHkWNYZqurszaCLvMT$zZjijq9PrNCJMac8kYHXJQN/6k0KndAeVO/UnIG20Xk=,,0,류영길,"","",0,1,2022-09-21 01:50:10.316972,""
3,3,pbkdf2_sha256$260000$BAG0oHkWNYZqurszaCLvMT$zZjijq9PrNCJMac8kYHXJQN/6k0KndAeVO/UnIG20Xk=,,0,오영길,"","",0,1,2022-09-21 01:50:10.324938,""
4,4,pbkdf2_sha256$260000$BAG0oHkWNYZqurszaCLvMT$zZjijq9PrNCJMac8kYHXJQN/6k0KndAeVO/UnIG20Xk=,,0,이영식,"","",0,1,2022-09-21 01:50:10.331937,""
5,5,pbkdf2_sha256$260000$BAG0oHkWNYZqurszaCLvMT$zZjijq9PrNCJMac8kYHXJQN/6k0KndAeVO/UnIG20Xk=,,0,김성현,"","",0,1,2022-09-21 01:50:10.340140,""
6,6,pbkdf2_sha256$260000$BAG0oHkWNYZqurszaCLvMT$zZjijq9PrNCJMac8kYHXJQN/6k0KndAeVO/UnIG20Xk=,,0,윤현숙,"","",0,1,2022-09-21 01:50:10.349085,""
7,7,pbkdf2_sha256$260000$BAG0oHkWNYZqurszaCLvMT$zZjijq9PrNCJMac8kYHXJQN/6k0KndAeVO/UnIG20Xk=,,0,강하은,"","",0,1,2022-09-21 01:50:10.355788,""
8,8,pbkdf2_sha256$260000$BAG0oHkWNYZqurszaCLvMT$zZjijq9PrNCJMac8kYHXJQN/6k0KndAeVO/UnIG20Xk=,,0,홍지현,"","",0,1,2022-09-21 01:50:10.363791,""
9,9,pbkdf2_sha256$260000$BAG0oHkWNYZqurszaCLvMT$zZjijq9PrNCJMac8kYHXJQN/6k0KndAeVO/UnIG20Xk=,,0,양서준,"","",0,1,2022-09-21 01:50:10.371789,""
10,10,pbkdf2_sha256$260000$BAG0oHkWNYZqurszaCLvMT$zZjijq9PrNCJMac8kYHXJQN/6k0KndAeVO/UnIG20Xk=,,0,최승현,"","",0,1,2022-09-21 01:50:10.380085,""
11,11,pbkdf2_sha256$260000$BAG0oHkWNYZqurszaCLvMT$zZjijq9PrNCJMac8kYHXJQN/6k0KndAeVO/UnIG20Xk=,,0,최상훈,"","",0,1,2022-09-21 01:50:10.389051,""
12,12,pbkdf2_sha256$260000$BAG0oHkWNYZqurszaCLvMT$zZjijq9PrNCJMac8kYHXJQN/6k0KndAeVO/UnIG20Xk=,,0,이민지,"","",0,1,2022-09-21 01:50:10.396048,""
13,13,pbkdf2_sha256$260000$BAG0oHkWNYZqurszaCLvMT$zZjijq9PrNCJMac8kYHXJQN/6k0KndAeVO/UnIG20Xk=,,0,장보람,"","",0,1,2022-09-21 01:50:10.404049,""
14,14,pbkdf2_sha256$260000$BAG0oHkWNYZqurszaCLvMT$zZjijq9PrNCJMac8kYHXJQN/6k0KndAeVO/UnIG20Xk=,,0,류유진,"","",0,1,2022-09-21 01:50:10.411052,""
15,15,pbkdf2_sha256$260000$BAG0oHkWNYZqurszaCLvMT$zZjijq9PrNCJMac8kYHXJQN/6k0KndAeVO/UnIG20Xk=,,0,이윤서,"","",0,1,2022-09-21 01:50:10.419062,""
16,16,pbkdf2_sha256$260000$BAG0oHkWNYZqurszaCLvMT$zZjijq9PrNCJMac8kYHXJQN/6k0KndAeVO/UnIG20Xk=,,0,백순옥,"","",0,1,2022-09-21 01:50:10.426054,""
17,17,pbkdf2_sha256$260000$BAG0oHkWNYZqurszaCLvMT$zZjijq9PrNCJMac8kYHXJQN/6k0KndAeVO/UnIG20Xk=,,0,김선영,"","",0,1,2022-09-21 01:50:10.434057,""
18,18,pbkdf2_sha256$260000$BAG0oHkWNYZqurszaCLvMT$zZjijq9PrNCJMac8kYHXJQN/6k0KndAeVO/UnIG20Xk=,,0,김성훈,"","",0,1,2022-09-21 01:50:10.442049,""
19,19,pbkdf2_sha256$260000$BAG0oHkWNYZqurszaCLvMT$zZjijq9PrNCJMac8kYHXJQN/6k0KndAeVO/UnIG20Xk=,,0,양진우,"","",0,1,2022-09-21 01:50:10.450051,""
20,20,pbkdf2_sha256$260000$BAG0oHkWNYZqurszaCLvMT$zZjijq9PrNCJMac8kYHXJQN/6k0KndAeVO/UnIG20Xk=,,0,윤채원,"","",0,1,2022-09-21 01:50:10.458189,""
21,21,pbkdf2_sha256$260000$BAG0oHkWNYZqurszaCLvMT$zZjijq9PrNCJMac8kYHXJQN/6k0KndAeVO/UnIG20Xk=,,0,최도현,"","",0,1,2022-09-21 01:50:10.465945,""
22,22,pbkdf2_sha256$260000$BAG0oHkWNYZqurszaCLvMT$zZjijq9PrNCJMac8kYHXJQN/6k0KndAeVO/UnIG20Xk=,,0,유상훈,"","",0,1,2022-09-21 01:50:10.472942,""
23,23,pbkdf2_sha256$260000$BAG0oHkWNYZqurszaCLvMT$zZjijq9PrNCJMac8kYHXJQN/6k0KndAeVO/UnIG20Xk=,,0,이현숙,"","",0,1,2022-09-21 01:50:10.479942,""
24,24,pbkdf2_sha256$260000$BAG0oHkWNYZqurszaCLvMT$zZjijq9PrNCJMac8kYHXJQN/6k0KndAeVO/UnIG20Xk=,,0,허정희,"","",0,1,2022-09-21 01:50:10.488622,""
25,25,pbkdf2_sha256$260000$BAG0oHkWNYZqurszaCLvMT$zZjijq9PrNCJMac8kYHXJQN/6k0KndAeVO/UnIG20Xk=,,0,안순자,"","",0,1,2022-09-21 01:50:10.495620,""
26,26,pbkdf2_sha256$260000$BAG0oHkWNYZqurszaCLvMT$zZjijq9PrNCJMac8kYHXJQN/6k0KndAeVO/UnIG20Xk=,,0,이병철,"","",0,1,2022-09-21 01:50:10.503584,""
27,27,pbkdf2_sha256$260000$BAG0oHkWNYZqurszaCLvMT$zZjijq9PrNCJMac8kYHXJQN/6k0KndAeVO/UnIG20Xk=,,0,권상호,"","",0,1,2022-09-21 01:50:10.514586,""
28,28,pbkdf2_sha256$260000$BAG0oHkWNYZqurszaCLvMT$zZjijq9PrNCJMac8kYHXJQN/6k0KndAeVO/UnIG20Xk=,,0,이경숙,"","",0,1,2022-09-21 01:50:10.521584,""
29,29,pbkdf2_sha256$260000$BAG0oHkWNYZqurszaCLvMT$zZjijq9PrNCJMac8kYHXJQN/6k0KndAeVO/UnIG20Xk=,,0,윤재호,"","",0,1,2022-09-21 01:50:10.529584,""
30,30,pbkdf2_sha256$260000$BAG0oHkWNYZqurszaCLvMT$zZjijq9PrNCJMac8kYHXJQN/6k0KndAeVO/UnIG20Xk=,,0,박영철,"","",0,1,2022-09-21 01:50:10.538601,""
31,31,pbkdf2_sha256$260000$BAG0oHkWNYZqurszaCLvMT$zZjijq9PrNCJMac8kYHXJQN/6k0KndAeVO/UnIG20Xk=,,0,이서윤,"","",0,1,2022-09-21 01:50:10.547292,""
32,32,pbkdf2_sha256$260000$BAG0oHkWNYZqurszaCLvMT$zZjijq9PrNCJMac8kYHXJQN/6k0KndAeVO/UnIG20Xk=,,0,배성진,"","",0,1,2022-09-21 01:50:10.555300,""
33,33,pbkdf2_sha256$260000$BAG0oHkWNYZqurszaCLvMT$zZjijq9PrNCJMac8kYHXJQN/6k0KndAeVO/UnIG20Xk=,,0,박정남,"","",0,1,2022-09-21 01:50:10.562290,""
34,34,pbkdf2_sha256$260000$BAG0oHkWNYZqurszaCLvMT$zZjijq9PrNCJMac8kYHXJQN/6k0KndAeVO/UnIG20Xk=,,0,김민준,"","",0,1,2022-09-21 01:50:10.571293,""
35,35,pbkdf2_sha256$260000$BAG0oHkWNYZqurszaCLvMT$zZjijq9PrNCJMac8kYHXJQN/6k0KndAeVO/UnIG20Xk=,,0,김현준,"","",0,1,2022-09-21 01:50:10.579016,""
36,36,pbkdf2_sha256$260000$BAG0oHkWNYZqurszaCLvMT$zZjijq9PrNCJMac8kYHXJQN/6k0KndAeVO/UnIG20Xk=,,0,이정희,"","",0,1,2022-09-21 01:50:10.588016,""
37,37,pbkdf2_sha256$260000$BAG0oHkWNYZqurszaCLvMT$zZjijq9PrNCJMac8kYHXJQN/6k0KndAeVO/UnIG20Xk=,,0,서정숙,"","",0,1,2022-09-21 01:50:10.598312,""
38,38,pbkdf2_sha256$260000$BAG0oHkWNYZqurszaCLvMT$zZjijq9PrNCJMac8kYHXJQN/6k0KndAeVO/UnIG20Xk=,,0,지예지,"","",0,1,2022-09-21 01:50:10.606371,""
39,39,pbkdf2_sha256$260000$BAG0oHkWNYZqurszaCLvMT$zZjijq9PrNCJMac8kYHXJQN/6k0KndAeVO/UnIG20Xk=,,0,지영일,"","",0,1,2022-09-21 01:50:10.614380,""
40,40,pbkdf2_sha256$260000$BAG0oHkWNYZqurszaCLvMT$zZjijq9PrNCJMac8kYHXJQN/6k0KndAeVO/UnIG20Xk=,,0,김채원,"","",0,1,2022-09-21 01:50:10.622409,""
41,41,pbkdf2_sha256$260000$BAG0oHkWNYZqurszaCLvMT$zZjijq9PrNCJMac8kYHXJQN/6k0KndAeVO/UnIG20Xk=,,0,성지우,"","",0,1,2022-09-21 01:50:10.629375,""
42,42,pbkdf2_sha256$260000$BAG0oHkWNYZqurszaCLvMT$zZjijq9PrNCJMac8kYHXJQN/6k0KndAeVO/UnIG20Xk=,,0,이승현,"","",0,1,2022-09-21 01:50:10.637375,""
43,43,pbkdf2_sha256$260000$BAG0oHkWNYZqurszaCLvMT$zZjijq9PrNCJMac8kYHXJQN/6k0KndAeVO/UnIG20Xk=,,0,박현지,"","",0,1,2022-09-21 01:50:10.645405,""
44,44,pbkdf2_sha256$260000$BAG0oHkWNYZqurszaCLvMT$zZjijq9PrNCJMac8kYHXJQN/6k0KndAeVO/UnIG20Xk=,,0,박영식,"","",0,1,2022-09-21 01:50:10.652119,""
45,45,pbkdf2_sha256$260000$BAG0oHkWNYZqurszaCLvMT$zZjijq9PrNCJMac8kYHXJQN/6k0KndAeVO/UnIG20Xk=,,0,류영식,"","",0,1,2022-09-21 01:50:10.661154,""
46,46,pbkdf2_sha256$260000$BAG0oHkWNYZqurszaCLvMT$zZjijq9PrNCJMac8kYHXJQN/6k0KndAeVO/UnIG20Xk=,,0,백준혁,"","",0,1,2022-09-21 01:50:10.669120,""
47,47,pbkdf2_sha256$260000$BAG0oHkWNYZqurszaCLvMT$zZjijq9PrNCJMac8kYHXJQN/6k0KndAeVO/UnIG20Xk=,,0,홍경희,"","",0,1,2022-09-21 01:50:10.677691,""
48,48,pbkdf2_sha256$260000$BAG0oHkWNYZqurszaCLvMT$zZjijq9PrNCJMac8kYHXJQN/6k0KndAeVO/UnIG20Xk=,,0,김윤서,"","",0,1,2022-09-21 01:50:10.686732,""
49,49,pbkdf2_sha256$260000$BAG0oHkWNYZqurszaCLvMT$zZjijq9PrNCJMac8kYHXJQN/6k0KndAeVO/UnIG20Xk=,,0,김지은,"","",0,1,2022-09-21 01:50:10.694193,""
